baseMean,log2FoldChange,lfcSE,stat,pvalue,padj,symbol,description,entrez,ensembl
50.668498603747494,21.91953287797569,2.5985676645258233,8.435236525570899,3.305336521443466e-17,1.5016970151048028e-13,Sulf1,sulfatase 1,240725,
1851.524828435493,1.3996169036890524,0.3703823639093253,3.778843271359697,1.5755854665320846e-4,0.013832422552312838,Tmeff2,transmembrane protein with EGF-like and two follistatin-like domains 2,56363,
140.6693621915099,1.859190368927068,0.4420074195727171,4.206242444356078,2.596516829776809e-5,0.0030442903450021903,Fzd5,frizzled class receptor 5,14367,
97.46532069114292,1.8603751679737999,0.5503598167996706,3.3802888786318697,7.240968039936489e-4,0.04415775576837779,Ptprn,"protein tyrosine phosphatase, receptor type, N",19275,
8065.722519947632,-0.39772121464171717,0.10753951014089962,-3.698372943308165,2.169859186157952e-4,0.018005868031985596,Tmem37,transmembrane protein 37,170706,
352.6048856734441,2.4908655847720254,0.5019457769192811,4.962419646320854,6.962037209113754e-7,1.4542655425428075e-4,Cntn2,contactin 2,21367,
2067.300974165991,0.7515690865731827,0.18619118795002873,4.036544880818387,5.424415259041311e-5,0.005833011745713475,Rbbp5,"retinoblastoma binding protein 5, histone lysine methyltransferase complex subunit",213464,
400.20826794720193,1.3125206669369327,0.34729108294589733,3.7793100122337533,1.5726353108022118e-4,0.013832422552312838,Adora1,adenosine A1 receptor,11539,
907.4130908530763,1.5961329577639762,0.3616009139787433,4.414073350096136,1.0144356255625677e-5,0.0014516014664053972,Shisa4,shisa family member 4,77552,
10.559326260859693,20.285525075996677,3.602209673428233,5.631411526550837,1.7874066122832813e-8,6.015285252782235e-6,Lad1,ladinin,16763,
6519.144387277459,0.5079789085411712,0.13203615093446916,3.8472714097314618,1.1944063040050935e-4,0.011188631836435342,Prdx6,peroxiredoxin 6,11758,
264596.70096722076,-0.17850636034243558,0.0431478497591507,-4.137085888146219,3.517444745422481e-5,0.004020284487959921,Fcgr3,"Fc receptor, IgG, low affinity III",14131,
418.03403547763145,0.799709733974236,0.23557056206847155,3.394777882907926,6.868429878538405e-4,0.04319030317739738,Kcnj10,"potassium inwardly-rectifying channel, subfamily J, member 10",16513,
9.732448469281163,20.4270038366512,3.602104845971366,5.670852101791814,1.4208902286046655e-8,4.96573810085242e-6,1700034H15Rik,RIKEN cDNA 1700034H15 gene,98736,
7.830882734210844,19.680931524552854,3.6031327107692945,5.462172255195905,4.703433514978048e-8,1.4245916211282678e-5,LOC108167797,NA,NA,
97960.38612928354,-0.24958164778078207,0.06662012282741527,-3.7463402525891945,1.7943317781748527e-4,0.015527805430843618,Ifngr1,interferon gamma receptor 1,15979,
4212.005055911434,1.0115368051276108,0.2662059550868308,3.7998278618435437,1.4479663114127595e-4,0.013026679097675286,Gja1,"gap junction protein, alpha 1",14609,
202.4884421590528,1.60364372649149,0.4048530130937923,3.9610517264940643,7.462036417218499e-5,0.007749005017720673,Unc5b,unc-5 netrin receptor B,107449,
395.0924696988271,1.4819121026027993,0.3442521552012669,4.30472861306097,1.6719056271718917e-5,0.0022017058668546943,Ank3,"ankyrin 3, epithelial",11735,
2026.6708532856821,1.5678816781912477,0.2661561275589707,5.890834423279851,3.842504117756342e-9,2.302545591386218e-6,Phyhipl,phytanoyl-CoA hydroxylase interacting protein-like,70911,
609.0739143005642,1.1374972957656821,0.2996834827526211,3.7956622944903806,1.4724982864505848e-4,0.013182123822495801,Anks1b,ankyrin repeat and sterile alpha motif domain containing 1B,77531,
21.19346836885728,7.482547306036851,1.9216670022280495,3.893779357901925,9.869442517437174e-5,0.009439862045757147,Gm10754,predicted gene 10754,100038699,
4481.501794116636,0.3421091425145526,0.080706024475767,4.238954213601182,2.2456344882834503e-5,0.002720661037038343,Nap1l1,nucleosome assembly protein 1-like 1,53605,
476.9999405261182,1.7064467087485993,0.41556518345562093,4.106327422713059,4.019995504493953e-5,0.004469637121887634,Ddc,dopa decarboxylase,13195,
776.3221585320955,-0.7180794187879744,0.2041416051057093,-3.5175554655609576,4.3554131724500637e-4,0.03091832952458399,9930111J21Rik1,RIKEN cDNA 9930111J21 gene 1,667214,
959.7482947707194,0.9549351590452387,0.26868624940355035,3.5540901745626154,3.7928914089930193e-4,0.027779918889948206,Gas7,growth arrest specific 7,14457,
418.68481854617653,1.6426921823693477,0.3987378153993775,4.119730105668609,3.7931644829592446e-5,0.004255134453630762,Efnb3,ephrin B3,13643,
801.0097896454903,1.2192586265391192,0.22727521785769814,5.364679167539169,8.109322981989599e-8,2.2328897962378334e-5,Wscd1,WSC domain containing 1,216881,
1755.2244208770674,1.3710103128381783,0.2628031326820676,5.216872032103175,1.8196988311254017e-7,4.2947255659794706e-5,Aspa,aspartoacylase,11484,
4306.642772324059,-0.26370667002850817,0.06073360655651357,-4.342022234150132,1.411772420004956e-5,0.001929033096898501,Tax1bp3,Tax1 (human T cell leukemia virus type I) binding protein 3,76281,
507.8938024312772,1.4456831989432195,0.3156862962881887,4.579493047184606,4.661042816584166e-6,7.843067694980004e-4,Fam57a,NA,NA,
8941.802331203442,-0.31445886515849303,0.08308536238921287,-3.7847685334200314,1.5385170443788562e-4,0.013638765974388758,Abhd15,abhydrolase domain containing 15,67477,
1555.569947204277,1.4607267017458032,0.32672051699110577,4.470875337729611,7.790009859077132e-6,0.0011603922063033502,Omg,oligodendrocyte myelin glycoprotein,18377,
14054.580878557474,-0.4079835057872161,0.1076895090408247,-3.788516722019329,1.5154939384915344e-4,0.01350052516872875,Adap2,ArfGAP with dual PH domains 2,216991,
7051.943033338978,1.224077116904387,0.2791108018423768,4.385631472606582,1.1564977990751122e-5,0.0016125703563397817,Sept4,NA,NA,
2669.289424772175,0.6604689337438255,0.1502209310647336,4.396650513763721,1.0993413755618015e-5,0.0015608070951628609,Tob1,transducer of ErbB-2.1,22057,
2142.022746270439,-1.268122965372802,0.22102826571886824,-5.7373791593956645,9.615283711330396e-9,3.717841508212921e-6,Nr1d1,"nuclear receptor subfamily 1, group D, member 1",217166,
24949.61876783698,0.9627298670364077,0.214263629337415,4.493202462842323,7.016002321505061e-6,0.0010714437830984158,Cnp,"2',3'-cyclic nucleotide 3' phosphodiesterase",12799,
275.5852217203036,-1.3388967221081192,0.35527996747699564,-3.768568015855869,1.641867492034129e-4,0.014345027852277032,Kcnh6,"potassium voltage-gated channel, subfamily H (eag-related), member 6",192775,
14.969152731309642,20.68981018283715,3.1618564773366846,6.543563988794559,6.006976455983535e-11,7.797484509613484e-8,LOC105243553,uncharacterized LOC105243553,105243553,
5966.166574783011,-0.2538094097969554,0.06334376698874263,-4.006856899465137,6.153211762781188e-5,0.006550346785464813,Prpsap1,phosphoribosyl pyrophosphate synthetase-associated protein 1,67763,
2877.3360727725144,0.631043009120396,0.17760457285922493,3.553078611441953,3.8075066556400014e-4,0.027779918889948206,Prpf39,pre-mRNA processing factor 39,328110,
7276.884748087652,0.2934921502365856,0.07244086020214734,4.051472462055133,5.089631714239779e-5,0.005538555517537695,Aldh6a1,"aldehyde dehydrogenase family 6, subfamily A1",104776,
23.264653604945256,7.104938393819208,1.707375471084911,4.161321580486654,3.164111533817891e-5,0.00366250948433583,Zdhhc22,"zinc finger, DHHC-type containing 22",238331,
16.919265925156992,7.386972573021678,2.154319800861336,3.428911793907401,6.060064422845046e-4,0.03950108818035442,Fam181a,"family with sequence similarity 181, member A",100504156,
4645.899134457895,-0.2722331432234127,0.07842688170076502,-3.4711713295207702,5.181932588124181e-4,0.03553632487697387,Zfyve21,"zinc finger, FYVE domain containing 21",68520,
473.85446660634585,1.5490976295898586,0.34955565320778165,4.431619444212076,9.352797955651206e-6,0.0013512153018784359,Epdr1,ependymin related protein 1 (zebrafish),105298,
1355.4596725419462,-0.4127258848058708,0.10839821845155859,-3.807496937694703,1.403804769531581e-4,0.01275567203834871,Hist1h1c,NA,NA,
8.836634503027812,-7.128456045644874,2.0341757957468114,-3.5043461143080745,4.5773002623690625e-4,0.03214939851915681,A930002C04Rik,RIKEN cDNA A930002C04 gene,319467,
503.53099436904705,1.6038655652302634,0.40806270151585694,3.9304390214353826,8.479089653168264e-5,0.008608407612683064,Spock1,"sparc/osteonectin, cwcv and kazal-like domains proteoglycan 1",20745,
79322.50057490541,-0.22458058053211916,0.046481085779387685,-4.831655215586869,1.35402595476309e-6,2.674642790859743e-4,Golm1,golgi membrane protein 1,105348,
7518.40351735085,0.41127276056631545,0.08563523982445559,4.802611184477173,1.5660980663658023e-6,3.060290339792013e-4,Tppp,tubulin polymerization promoting protein,72948,
27.979445610885115,-1.387381410994112,0.38475038154597613,-3.6059260173295646,3.110417508877259e-4,0.024156246747361717,Mir692-3,microRNA 692-3,100124641,
1945.1600866961435,2.0848467326275295,0.45790411478251786,4.553020305610772,5.288116674324508e-6,8.580441457366008e-4,Edil3,EGF-like repeats and discoidin I-like domains 3,13612,
4209.264264150617,-0.40470948098837056,0.11901297000853987,-3.400549376755578,6.725058899637944e-4,0.04273234104304907,Ssbp2,single-stranded DNA binding protein 2,66970,
199.42179196558342,-0.8995775311418929,0.25318943939347033,-3.5529820410238355,3.8089046714586555e-4,0.027779918889948206,Gm3739,predicted gene 3739,100042235,
8.84687538333739,20.90784389338125,3.602201962427175,5.804184249373259,6.468012206951325e-9,3.0139278419724723e-6,LOC108168210,NA,NA,
9.692028671041005,20.2378308160669,3.6022887481402206,5.61804792203713,1.9312694098266523e-8,6.3812652699599555e-6,Kcnk5,"potassium channel, subfamily K, member 5",16529,
1827.7901221380114,0.4668024575327066,0.13914378274279005,3.3548208071617536,7.941640977370625e-4,0.04763149883886349,Dph3,diphthamine biosynthesis 3,105638,
1410.169327634633,1.0556652303144043,0.2689059001238573,3.9257793519151787,8.644937503362244e-5,0.008632112596077036,Fermt2,fermitin family member 2,218952,
18269.75459644444,-0.2315266001245443,0.06776237554922074,-3.4167426724343466,6.337515250505368e-4,0.04069670128884595,Pnp,purine-nucleoside phosphorylase,18950,
1742.868396047567,1.2653708199990854,0.3070143903609667,4.121535861922785,3.763548692775726e-5,0.0042481348070691465,Cmtm5,CKLF-like MARVEL transmembrane domain containing 5,67272,
5035.560662524187,0.8035505195924914,0.23733502116064573,3.385722493304473,7.09911341991401e-4,0.043881696659897045,Clu,clusterin,12759,
5123.840523584961,1.37421070861651,0.3005156373647721,4.572842600361806,4.811515870135683e-6,8.021988798896858e-4,Stmn4,stathmin-like 4,56471,
783.420009462097,1.7386955840967226,0.36302196818591764,4.7895051442348775,1.671931123721333e-6,3.166895292488953e-4,Lgi3,"leucine-rich repeat LGI family, member 3",213469,
2322.405269274281,1.7163216049626318,0.38732147298614245,4.431258591810732,9.368465747905294e-6,0.0013512153018784359,Pcdh9,protocadherin 9,211712,
195.50428417233132,1.8300089025332857,0.49227727859982684,3.7174352384053533,2.0125555447831223e-4,0.017011242751322642,Slain1,"SLAIN motif family, member 1",105439,
1367.8462348135463,0.9663836158550955,0.2704517870056727,3.573219561809831,3.5261885532700943e-4,0.02637095661669853,Ednrb,endothelin receptor type B,13618,
4957.426525752898,0.2721168436593694,0.08138490821209243,3.34357867616219,8.270523885449626e-4,0.04864085131724144,Laptm4b,lysosomal-associated protein transmembrane 4B,114128,
559.4951904068397,1.297767818850516,0.2886640989314788,4.4957714646689455,6.931815753746887e-6,0.0010714437830984158,Ncald,neurocalcin delta,52589,
13331.69915246737,1.6357162775602934,0.279197626171733,5.8586324675775465,4.666942676565464e-9,2.4641654478975714e-06,Enpp2,ectonucleotide pyrophosphatase/phosphodiesterase 2,18606,
14112.041395013794,-0.5522637385277334,0.12744873689472633,-4.333222533102918,1.4694244447839898e-5,0.0019780629951895888,Myc,myelocytomatosis oncogene,17869,
202.32859525671174,1.3478221289075045,0.3835035542555899,3.5144970990522673,4.4058748400919865e-4,0.031154849598829443,Sox10,SRY (sex determining region Y)-box 10,20665,
947.1468399918614,1.50590794969716,0.3862563021654331,3.8987271955298257,9.669964425101147e-5,0.009347460824327827,Cntn1,contactin 1,12805,
4631.875296970697,0.5183570375921697,0.11912300789349244,4.351443493230387,1.3524417878342765e-5,0.0018619639856297203,Slc48a1,"solute carrier family 48 (heme transporter), member 1",67739,
9522.979833469366,-0.3308464422467995,0.06483206978174993,-5.103129413584323,3.3408237418069984e-7,7.314793959019106e-5,Ppil2,peptidylprolyl isomerase (cyclophilin)-like 2,66053,
20.856740232776435,18.880785486426447,2.667268853305841,7.078696046341712,1.4551715741288726e-12,3.3056041270805e-9,Cldn1,claudin 1,12737,
5873.697879172048,1.1681226316106066,0.34400211629687505,3.395684434111192,6.84572353573377e-4,0.04319030317739738,Apod,apolipoprotein D,11815,
534.6352501998159,1.0360216558455242,0.28781941143724127,3.5995544938129638,3.187628299340196e-4,0.02454608859487686,Pigz,"phosphatidylinositol glycan anchor biosynthesis, class Z",239827,
28535.712598226903,-0.3768083104993916,0.0655091007927846,-5.751999431213298,8.81940963514196e-9,3.5616695844318855e-6,Nrros,negative regulator of reactive oxygen species,224109,
32.5973721439071,21.86099773031087,3.600938795050741,6.070916217836695,1.2718253176136238e-9,1.1556440748496194e-6,Gm15564,predicted gene 15564,102639045,
1647.342925523336,-0.48242790885088027,0.13771645250065923,-3.5030521051838086,4.599594791713405e-4,0.03214939851915681,Arhgap31,Rho GTPase activating protein 31,12549,
1151.9544437362463,1.8999930594734644,0.36111697397120646,5.261433819017768,1.4293633852135813e-7,3.510246053984651e-5,Olig1,oligodendrocyte transcription factor 1,50914,
7858.445121321073,-0.3846306061608193,0.10541734644816228,-3.6486462533939497,2.636258090520009e-4,0.021037883338100038,Rnaset2a,ribonuclease T2A,100037283,
10537.675384243545,-0.28349002731511347,0.07247284770202053,-3.9116722511127406,9.165924703150862e-5,0.008953371444034325,Mpc1,mitochondrial pyruvate carrier 1,55951,
507.1838751050579,-0.428254282042372,0.11188534548652081,-3.827617282497154,1.2938973575846142e-4,0.011996937081318977,Oaz1-ps,"ornithine decarboxylase antizyme 1, pseudogene",100041965,
16.985150553867836,-7.589564831564536,2.103959505305154,-3.6072770471234716,3.0942721967240925e-4,0.024156246747361717,Baiap3,BAI1-associated protein 3,545192,
193.0121884313274,1.6543611257031636,0.48803652503890393,3.3898305573979037,6.993583618838121e-4,0.04337692665704613,Sox8,SRY (sex determining region Y)-box 8,20681,
850.848331622534,1.2235472763660975,0.23743842525442438,5.1531140128436235,2.561960935696797e-7,5.7479649486935665e-5,2810468N07Rik,NA,NA,
2181.8064506426185,0.6972343031057129,0.1624980699875616,4.290723595419211,1.7809186901942235e-5,0.0022791996730211,Luc7l,Luc7-like,66978,
3484.0014877971757,-0.48710911566328235,0.13652092540752567,-3.5680179738690128,3.596918356178565e-4,0.02678967101919388,Fkbp5,FK506 binding protein 5,14229,
10.509727594344682,21.081627409818566,3.6019280249463015,5.852873034611195,4.831529688807664e-9,2.4641654478975714e-06,LOC108168349,NA,NA,
60598.427088396,1.1845161991638504,0.28143328601020323,4.208870300867348,2.5665064863447264e-5,0.0030286443101521245,Hspa1a,heat shock protein 1A,193740,
5838.529267762316,1.4473054411580846,0.3040551148838038,4.760010176810147,1.9358319794636957e-6,3.589783118652423e-4,Mog,myelin oligodendrocyte glycoprotein,17441,
231.35450471487627,1.2283775720581827,0.34348401797237504,3.576229191999774,3.4858606551685915e-4,0.026177084994371408,Slc25a27,"solute carrier family 25, member 27",74011,
269.05086452971756,1.6009334057949385,0.4112944964463183,3.892426034453127,9.924676272557757e-5,0.009442991722575504,Ddr1,"discoidin domain receptor family, member 1",12305,
3239.5021091889603,0.570709817204389,0.17067203679121815,3.3438976175255593,8.261021825060382e-4,0.04864085131724144,Enpp5,ectonucleotide pyrophosphatase/phosphodiesterase 5,83965,
3551.7760478053146,0.49274074388336997,0.11622258012456589,4.239630056011979,2.2388845039563494e-5,0.002720661037038343,Enpp4,ectonucleotide pyrophosphatase/phosphodiesterase 4,224794,
11689.242750805444,1.4118488612517288,0.23789671107054383,5.934713661649031,2.943587688566657e-9,2.061140956425157e-6,Tubb4a,"tubulin, beta 4A class IVA",22153,
15342.289709179231,0.3821241897735427,0.07670051323597674,4.9820291110425785,6.292096601667764e-7,1.329607808629166e-4,Srsf7,serine and arginine-rich splicing factor 7,225027,
4363.792447300517,-0.5314127357346217,0.14760418314823304,-3.6002552529351077,3.1790494427161054e-4,0.02454608859487686,Ppp1r21,"protein phosphatase 1, regulatory subunit 21",73825,
98.76594494735906,-1.1932909497695952,0.3347288407169588,-3.5649481150583684,3.639281745871711e-4,0.026994558027643514,Gm6225,predicted gene 6225,633947,
1183.0423934970668,1.2007060687497946,0.2931811951525076,4.095440255386123,4.2136688364429664e-5,0.0046409093190713955,Nrxn1,neurexin I,18189,
2200.45207067872,-0.4271721994904887,0.12745989881480377,-3.351424279028809,8.039702231073622e-4,0.04790344545747572,Cables1,CDK5 and Abl enzyme substrate 1,63955,
8963.418176377148,0.3210630753555554,0.09386915983756622,3.4203254392724065,6.254626234948134e-4,0.04030685197436611,Ctnna1,"catenin (cadherin associated protein), alpha 1",12385,
9812.331768129241,-0.34356195750265744,0.09445812323235275,-3.637188054833006,2.7563069658405234e-4,0.021778420213139058,Cxxc5,CXXC finger 5,67393,
9.511904989804743,20.7806636232778,3.602080800565579,5.7690720374775974,7.970922820900943e-9,3.2981924245776808e-6,Pcdha5,protocadherin alpha 5,12941,
23.344394823438787,21.043726136429566,3.601444738911351,5.843134536833317,5.122761165784868e-9,2.5161064504272543e-6,Pcdha9,protocadherin alpha 9,192161,
32029.991801335098,-0.2132940108374344,0.06028443400040475,-3.5381274515408463,4.0297549600454394e-4,0.028831786176734556,Fermt3,fermitin family member 3,108101,
889.1415873245795,0.6487573713224329,0.15002573200868544,4.324307321392536,1.5301186942231417e-5,0.002029696863512201,Pla2g16,NA,NA,
4452.08276043695,0.553392100997624,0.1306777434332786,4.234784642422103,2.2877084184190754e-5,0.002753279807147673,Psat1,phosphoserine aminotransferase 1,107272,
3543.0029538426256,0.4045648076694475,0.07677148461671077,5.269727551698099,1.3662639984761278e-7,3.448488283931482e-5,Cdc37l1,cell division cycle 37-like 1,67072,
5134.655898694873,1.2953329156576874,0.2282813863668059,5.674281798763599,1.3927170987882732e-8,4.962715262015546e-6,Il33,interleukin 33,77125,
1856.4434855187014,1.4412216371315267,0.2788885214157956,5.167733794905118,2.3694947166065568e-7,5.3826034356113694e-5,Opalin,oligodendrocytic myelin paranodal and inner loop protein,226115,
8798.62122786735,0.737611823872278,0.20223988369974194,3.6472124606607412,2.651007144898976e-4,0.021037883338100038,Scd2,stearoyl-Coenzyme A desaturase 2,20250,
6948.218447862681,1.507899816141696,0.3152057205762815,4.7838592947642145,1.7196108194390678e-6,3.2216997341923896e-4,Ptgds,prostaglandin D2 synthase (brain),19215,
4676.878902959399,0.7622273994633223,0.22471689094182482,3.3919452884413985,6.939829614645885e-4,0.04335897572285803,Gsn,gelsolin,227753,
24.329320352763222,21.438483331142788,2.6396342896402882,8.121762706024054,4.594610027565345e-16,1.6699569606189004e-12,Lypd6b,LY6/PLAUR domain containing 6B,71897,
991.708347645511,1.8568077057774592,0.2511188220087357,7.394139917209656,1.4232648519723035e-13,3.694998879270382e-10,Tnfaip6,tumor necrosis factor alpha induced protein 6,21930,
6019.03092528269,1.525568190586241,0.28718537725626403,5.312137425524042,1.083468455326229e-7,2.812838891234794e-5,Ermn,"ermin, ERM-like protein",77767,
37.44358878987032,8.392633041580382,1.9727435568654725,4.254294995602767,2.0970868591665333e-5,0.0026102985953173567,Slc4a10,"solute carrier family 4, sodium bicarbonate cotransporter-like, member 10",94229,
9411.492255790523,-0.3948146834713072,0.08375961207573215,-4.713664183572523,2.4330151395484587e-6,4.421518413101414e-4,Itga6,integrin alpha 6,16403,
2108.8292978625323,0.4461698755078733,0.13089128665224833,3.4087057047063523,6.527185368745657e-4,0.04176709144585029,Cdca7,cell division cycle associated 7,66953,
1391.4656033817155,1.2908405956107087,0.2883748071274758,4.476259935702684,7.596199311114742e-6,0.0011408738023213902,Fam171b,"family with sequence similarity 171, member B",241520,
365.7031437417815,1.1753291368414047,0.32327464329679495,3.63569850346211,2.772284206797586e-4,0.021809835883174252,Mapk8ip1,mitogen-activated protein kinase 8 interacting protein 1,19099,
5783.431100044518,0.33418302276774375,0.09017550646226159,3.7059178914353996,2.106265319603421e-4,0.01762842006581049,Arl14ep,ADP-ribosylation factor-like 14 effector protein,212772,
396.6384533987307,1.957404139903794,0.31970014428033766,6.1226251377209,9.204607380737044e-10,8.803964733164964e-7,Scg5,secretogranin V,20394,
2099.6625409812127,-0.4647153037216012,0.11994681213085588,-3.8743447655334133,1.0691196712817361e-4,0.010119329055314059,Lcmt2,leucine carboxyl methyltransferase 2,329504,
2678.3075445325817,-0.46602889363960937,0.11828345745239159,-3.9399329684557394,8.150437946819513e-5,0.008321230831884888,Cep152,centrosomal protein 152,99100,
9382.93757885411,1.2126100819783003,0.26606841844512313,4.557512270958991,5.176306713209739e-6,8.551729263560053e-4,Mal,"myelin and lymphocyte protein, T cell differentiation protein",17153,
5541.57975372404,0.9285673256949847,0.2163079897361191,4.292801790760356,1.7643249814412355e-5,0.0022791996730211,Prnp,prion protein,19122,
193.5683169912856,2.475392353465773,0.7174097644425732,3.4504581288897715,5.596359717675546e-4,0.037390678363719745,Pak7,NA,NA,
16091.84332043172,-0.23061119293282092,0.05917002673345291,-3.8974326304037388,9.721785474635871e-5,0.009347831080981887,Hck,hemopoietic cell kinase,15162,
140.21857058202,2.4344803371914656,0.6776774576543892,3.592387956385342,3.2766155081531825e-4,0.02501929984439823,Ggt7,gamma-glutamyltransferase 7,207182,
26.847574717932137,7.603267694306796,1.7341165201768802,4.384519497877375,1.162420715789971e-5,0.0016125703563397817,6430550D23Rik,RIKEN cDNA 6430550D23 gene,320095,
139.555933471017,2.1368573855077595,0.6345926639289867,3.3672897702247653,7.591087946361239e-4,0.0459842804164076,Sgk2,serum/glucocorticoid regulated kinase 2,27219,
8502.364480743052,-0.2766848124347612,0.05714837029575455,-4.841517107187142,1.2885158046606823e-6,2.5732085404503934e-4,Pkig,"protein kinase inhibitor, gamma",18769,
60.481178844119064,4.932912895243821,1.186448044441449,4.157715054068059,3.214466222138249e-5,0.003697246497146734,Matn4,matrilin 4,17183,
144.6689227818439,1.3339107474522263,0.39445274317067336,3.3816744097912497,7.20454815229816e-4,0.044083587061183316,Ube2c,ubiquitin-conjugating enzyme E2C,68612,
12.124461258694437,21.353474299793543,3.601733685734804,5.928665515822871,3.0540647210807293e-9,2.061140956425157e-6,1110018N20Rik,RIKEN cDNA 1110018N20 gene,68941,
107.08841137440425,2.1552412655246433,0.6384644563674727,3.37566366307505,7.363787986341525e-4,0.04475656156380754,Tshz2,teashirt zinc finger family member 2,228911,
10782.928775870481,-0.271100657510747,0.06324604756245716,-4.286444259509306,1.8155573075325172e-5,0.0023057398194118173,Rgs19,regulator of G-protein signaling 19,56470,
10587.671443648083,1.4960603748790573,0.2776200243086604,5.388877760545558,7.089900645582944e-8,2.0131994442527945e-5,Car2,carbonic anhydrase 2,12349,
137.60378298751715,1.8807807443119449,0.5318319508807384,3.536419241448891,4.0559048543228595e-4,0.028905081928474245,Nlgn1,neuroligin 1,192167,
5043.47870159165,1.5728681992422917,0.3373933481537762,4.661823381667306,3.1342011097275917e-6,5.476715073757647e-4,Cldn11,claudin 11,18417,
11.698819884880827,20.213910926993414,3.6021724162288136,5.611588950024708,2.0047719225475057e-8,6.486591200597139e-6,Usp13,ubiquitin specific peptidase 13 (isopeptidase T-3),72607,
955.0176095629107,1.613524734840752,0.33689601537562774,4.789385036334508,1.6729320864961176e-6,3.166895292488953e-4,Pex5l,peroxisomal biogenesis factor 5-like,58869,
91.26093760354335,2.4396937869741113,0.5469430476403904,4.460599321079926,8.173077009378523e-6,0.0012075555161905358,Pcdh10,protocadherin 10,18526,
330.20454601233695,2.259934784864511,0.4029094520888718,5.609038887392559,2.034533089935822e-8,6.486591200597139e-6,Dclk1,doublecortin-like kinase 1,13175,
917.8408637096335,1.042495251227011,0.30744081048898586,3.3908811571532027,6.966830413841713e-4,0.04335897572285803,Pfn2,profilin 2,18645,
973.0717367008995,1.5729280898812266,0.3453768481667588,4.554237199830394,5.257600559301492e-6,8.580441457366008e-4,Schip1,schwannomin interacting protein 1,30953,
959.889087701623,1.6514521332299428,0.3714971657985851,4.44539631865001,8.77299842658088e-6,0.001285739519405277,Trim59,tripartite motif-containing 59,66949,
59.70069717437181,5.637039354426176,1.510666312114271,3.7314920636158164,1.9034900792177785e-4,0.016317040193219192,Slitrk3,"SLIT and NTRK-like family, member 3",386750,
4813.463645249788,0.38158710984870003,0.10620077691477536,3.5930726773771,3.2680138942222883e-4,0.02501929984439823,Ppid,peptidylprolyl isomerase D (cyclophilin D),67738,
1077.427901078086,1.6882553601207508,0.3248207707551285,5.197498165514391,2.019885329925555e-7,4.70607385906886e-5,Glrb,"glycine receptor, beta subunit",14658,
449.9366533493299,1.96271669804047,0.42541179026999304,4.613686651220472,3.955886822985301e-6,6.718722545244101e-4,Bcan,brevican,12032,
824.5691031830337,1.4318234397874887,0.3102865368527277,4.614520031422051,3.9400477532821e-6,6.718722545244101e-4,Hapln2,hyaluronan and proteoglycan link protein 2,73940,
3728.9994586480593,0.4466524587278483,0.11747155522205834,3.8022179742452042,1.4340646966506165e-4,0.012965799866781917,2810403A07Rik,NA,NA,
10127.50328786337,1.1875951885288225,0.24220821172698198,4.903199524331092,9.428812550724418e-7,1.903886783159054e-4,Syt11,synaptotagmin XI,229521,
18239.27613930925,-0.3457441998873606,0.09650819630707365,-3.582537163861791,3.402731885783709e-4,0.025697388991464842,Il6ra,"interleukin 6 receptor, alpha",16194,
1708.8150929558599,0.9088192218729002,0.26382082309340243,3.444835063497411,5.714079467003589e-4,0.038037350239507765,S100a16,S100 calcium binding protein A16,67860,
931.0229178919105,1.150950001321448,0.31416060839987886,3.663571977351352,2.487222812289757e-4,0.02017870543202757,Car14,carbonic anhydrase 14,23831,
475.7299877384381,1.105189846356581,0.3266747693215319,3.3831503077263685,7.165940138790783e-4,0.04402316599499203,Hist2h2be,NA,NA,
2850.3859870678502,1.3409999143350628,0.29011864079008404,4.622246646003509,3.796062879441443e-6,6.570081019818033e-4,Tspan2,tetraspanin 2,70747,
837.4317753357633,0.9422858828529884,0.21953179863638023,4.292252369387891,1.768697548919891e-5,0.0022791996730211,Gstm7,"glutathione S-transferase, mu 7",68312,
10.002609111355586,21.18954172463944,3.6020023656524183,5.882711773511413,4.035984218861958e-9,2.302545591386218e-6,Ntng1,netrin G1,80883,
1954.5807859881545,1.5700669922476433,0.2625544114781491,5.979968050844619,2.231813894962055e-9,1.7184171835723227e-6,Ugt8a,UDP galactosyltransferase 8A,22239,
101.91460989207928,2.954557529959188,0.8475091530599276,3.48616592433459,4.899969802451155e-4,0.03385823240302085,Cnr1,cannabinoid receptor 1 (brain),12801,
3100.7804060109534,0.3674885314555098,0.10235680730864101,3.59026957872382,3.3033613930894207e-4,0.025117986023687883,Slc35a1,"solute carrier family 35 (CMP-sialic acid transporter), member 1",24060,
13374.432746934175,0.5586405648932367,0.12885191501766274,4.335523960328097,1.4541333322430855e-5,0.0019720869437950444,Dnaja1,DnaJ heat shock protein family (Hsp40) member A1,15502,
73.81426829140108,2.237897486610864,0.5707368421763376,3.9210671560596966,8.815768787106763e-5,0.008707009030874523,Tmem8b,transmembrane protein 8B,242409,
11.978403996111219,19.139609280413747,3.253952821661564,5.8819566015221145,4.054446647463764e-9,2.302545591386218e-6,Stra6l,STRA6-like,74152,
49.946504509593034,7.83176820150845,1.9996445740598543,3.916580127841272,8.981397299590225e-5,0.008822645033808278,Grin3a,"glutamate receptor ionotropic, NMDA3A",242443,
23.034788051986805,7.415285143806612,1.5022925289949305,4.935979511771662,7.974947969527199e-7,1.628412690451885e-4,Frrs1l,ferric-chelate reductase 1 like,230235,
11.10824741301682,20.128554541564007,3.2736422023236873,6.148672731331608,7.813400686675725e-10,7.888496148830998e-7,Tnc,tenascin C,21923,
18.67945264868744,7.263631518234566,1.9605429223988255,3.704908183977496,2.1146731823841342e-4,0.01762842006581049,2310067E19Rik,RIKEN cDNA 2310067E19 gene,76455,
1498.1777794148213,1.8690907802148218,0.47005514578849616,3.976322346348335,6.998924039190543e-5,0.007352106737815593,Ptprd,"protein tyrosine phosphatase, receptor type, D",19266,
346.7486882409952,1.9378569132766403,0.5312232072588272,3.6479146370057975,2.6437743997843714e-4,0.021037883338100038,Slc24a2,"solute carrier family 24 (sodium/potassium/calcium exchanger), member 2",76376,
327.0119022485538,1.1246940295373569,0.3020693620504702,3.723297264915736,1.9663776947466898e-4,0.01669858964795869,Cyp2j9,"cytochrome P450, family 2, subfamily j, polypeptide 9",74519,
13.033525318997942,21.527921851696128,3.6016455126463107,5.97724617153632,2.269411346818673e-9,1.7184171835723227e-6,E130102H24Rik,RIKEN cDNA E130102H24 gene,77866,
2688.419074250414,1.0769914395654643,0.3141090355229943,3.4287184313952133,6.064383207130845e-4,0.03950108818035442,Plpp3,phospholipid phosphatase 3,67916,
880.9796167045217,1.5974631304283264,0.4009175592394424,3.9845177483839365,6.761730353794932e-5,0.007144239867413681,Slc6a9,"solute carrier family 6 (neurotransmitter transporter, glycine), member 9",14664,
125.36216486982194,1.769227789604905,0.48271430984029345,3.6651654064083075,2.4717877805750484e-4,0.02014340777416608,Ptprf,"protein tyrosine phosphatase, receptor type, F",19268,
16.52070070712077,20.385631819635556,2.294777643464942,8.883488941810842,6.479542317008338e-19,5.448391120909656e-15,Gm40243,"predicted gene, 40243",105244681,
88.01992568177269,-1.4362739211605273,0.24678826878412047,-5.819863027674612,5.8895871919943625e-9,2.8166175800029884e-6,Mir692-2,microRNA 692-2,735288,
5556.247261567048,0.5637893194568647,0.12443828866682102,4.530674003130902,5.879580570442834e-6,9.29127110492675e-4,Kif1b,kinesin family member 1B,16561,
97.8396388980236,-1.9104719994100723,0.5477674603325382,-3.487742769989047,4.8711647358270734e-4,0.03378766287946008,Espn,espin,56226,
290.3249951606332,2.0584756808377884,0.5631383430819538,3.6553640968081225,2.568172302343165e-4,0.020742842333547704,Hes5,hes family bHLH transcription factor 5,15208,
2583.8539214394764,1.5367609056141207,0.23477875639471277,6.54557051588816,5.926868366514895e-11,7.797484509613484e-8,Tmem88b,transmembrane protein 88B,320587,
1016.3098710780097,0.8812431087491263,0.2539540692900475,3.470088552676964,5.202868005958536e-4,0.03554575950085882,Grm3,"glutamate receptor, metabotropic 3",108069,
382.3999195637907,1.1420131879973225,0.33192097075589,3.4406177633085187,5.803878089950224e-4,0.038494115521410736,Trmt44,tRNA methyltransferase 44,78890,
1241.985536921503,1.1120284902393187,0.20870047979891765,5.328346591779545,9.911085850923757e-8,2.648737693659374e-5,Cd38,CD38 antigen,12494,
6554.0669400722,0.33736680315230017,0.1008203017603977,3.3462189386623926,8.192168374272936e-4,0.04864085131724144,Polr2b,polymerase (RNA) II (DNA directed) polypeptide B,231329,
23816.625198364156,-0.4093237662344393,0.07255993950068763,-5.641181195176716,1.688875144838032e-8,5.7909298126682176e-6,Tpst2,protein-tyrosine sulfotransferase 2,22022,
9714.704146044824,-0.2918224934492325,0.08349188149646666,-3.4952199928753824,4.736711638377281e-4,0.03298094276024151,Hps4,"HPS4, biogenesis of lysosomal organelles complex 3 subunit 2",192232,
10952.115516328548,-0.30874932652320886,0.08692004918738332,-3.552107130744982,3.821592319642906e-4,0.027779918889948206,Prkab1,"protein kinase, AMP-activated, beta 1 non-catalytic subunit",19079,
374.75884586500405,1.2059336861733403,0.35560442676518916,3.3912223679083615,6.958162066974232e-4,0.04335897572285803,Gper1,G protein-coupled estrogen receptor 1,76854,
1292.911355691237,1.000601142852673,0.2918088686228881,3.428960701484968,6.058972517502423e-4,0.03950108818035442,Mmd2,monocyte to macrophage differentiation-associated 2,75104,
4538.0344596725845,1.039655819711832,0.20772412106077673,5.004983602302236,5.586678653948506e-7,1.2086513235500738e-4,Hsph1,heat shock 105kDa/110kDa protein 1,15505,
2368.2247496278123,1.473818715034815,0.2761670784648305,5.33669227783247,9.4657485320874e-8,2.5674783294570795e-5,Gpr37,G protein-coupled receptor 37,14763,
770.2020458857216,1.7103325445667161,0.44382648335842095,3.853606327465373,1.1639068364821307e-4,0.010959419139580187,3110062M04Rik,NA,NA,
337.98917839882813,-0.5116669190803922,0.13039305000761872,-3.9240352077852005,8.7078000991879e-5,0.008647368918171678,Atp6v0c-ps2,"ATPase, H+ transporting, lysosomal V0 subunit C, pseudogene 2",100039636,
10915.576959887145,-0.3005360126895609,0.08484467414568457,-3.542190664478461,3.9681853811587934e-4,0.028503491277390814,Cul1,cullin 1,26965,
211.71292488958036,2.0470018992786487,0.4568418437149762,4.4807670913695326,7.437524011662165e-6,0.001126351032199471,Ctnna2,"catenin (cadherin associated protein), alpha 2",12386,
11.025145986544047,7.077980187013663,1.894579280370629,3.7359113236100767,1.8703657630171549e-4,0.01610907915227998,Gm20383,"predicted gene, 20383",100504740,
1419.1081976767973,1.7180332759247592,0.3436657579374905,4.9991401128687745,5.758654697306286e-7,1.2312003742840838e-4,Lrrn1,"leucine rich repeat protein 1, neuronal",16979,
167.19504769037735,1.4775566006079968,0.41538125452107955,3.5571094856256074,3.749579092236392e-4,0.027699634489110548,Lmcd1,LIM and cysteine-rich domains 1,30937,
839.4527817694866,2.0017592401216957,0.31806161417558293,6.293620955519151,3.101446267932046e-10,3.5226614391955665e-7,Slc6a1,"solute carrier family 6 (neurotransmitter transporter, GABA), member 1",232333,
15102.538041732949,-0.2556413028459644,0.048834648118611705,-5.234834542578289,1.6513272191692354e-7,3.948627572889805e-5,Hnrnpf,heterogeneous nuclear ribonucleoprotein F,98758,
165.90933340988678,1.7375220480980542,0.5005285477266269,3.47137452197239,5.178012635906652e-4,0.03553632487697387,Ninj2,ninjurin 2,29862,
225.14451551021887,2.720494286831671,0.729876907250386,3.727333006164557,1.9351669843194782e-4,0.016510699345557687,Kcna6,"potassium voltage-gated channel, shaker-related, subfamily, member 6",16494,
490.29150367380663,1.5661024267650252,0.28947924478946474,5.410068096260356,6.300078851819925e-8,1.876907097936451e-5,Smco3,single-pass membrane protein with coiled-coil domains 3,654818,
20.24253998118961,-7.896508587748115,1.950016054205869,-4.049458244570153,5.13363360929944e-5,0.00555318592748802,Gm38914,"predicted gene, 38914",105242804,
1666.7404205716514,0.7249014307173622,0.18961300647201274,3.8230575222926975,1.318070150576518e-4,0.012159029871282772,Dedd2,death effector domain-containing DNA binding protein 2,67379,
7748.553359879458,-0.19966244317575468,0.05805857430210814,-3.43898288195659,5.839041544842275e-4,0.03858650981615224,Psmc4,"proteasome (prosome, macropain) 26S subunit, ATPase, 4",23996,
3242.477329734274,-0.3389615966001532,0.10019622967737801,-3.382977560049676,7.170449091794222e-4,0.04402316599499203,Fbl,fibrillarin,14113,
825.5688954625099,1.1147721861496935,0.3024542926735713,3.685754221887766,2.2802633237401713e-4,0.01883601153742279,Ppp1r14a,"protein phosphatase 1, regulatory inhibitor subunit 14A",68458,
751.5690159579087,1.7139383586891035,0.2702094300256475,6.342999792888136,2.2533373391918216e-10,2.7299932976755317e-7,Clip3,CAP-GLY domain containing linker protein 3,76686,
3956.381243795593,1.334553410995788,0.26946335017713,4.952634226949705,7.321551941994403e-7,1.5119836754757304e-4,Aplp1,amyloid beta (A4) precursor-like protein 1,11803,
9526.178456582837,1.083331405401376,0.26387008803280143,4.105548353274162,4.033568964890618e-5,0.004469637121887634,Mag,myelin-associated glycoprotein,17136,
4960.840669856785,-0.2281108302680779,0.055908270078074564,-4.080091012466073,4.5018071257359424e-5,0.004928394029879475,Bax,BCL2-associated X protein,12028,
724.9470857291873,-1.3491153986833166,0.38991827424663295,-3.4599953061701534,5.401848040260473e-4,0.0363584386798717,Dbp,D site albumin promoter binding protein,13170,
21.148919959996487,7.551760447815621,1.780909514513633,4.240395363308511,2.2312643025044374e-5,0.002720661037038343,Kcnc1,"potassium voltage gated channel, Shaw-related subfamily, member 1",16502,
5665.67882503194,0.38676699586440955,0.1116100957197402,3.4653405981803402,5.295603480430011e-4,0.03580521282289266,Spty2d1,SPT2 chromatin protein domain containing 1,101685,
2306.7725449295613,0.521558454434101,0.12384900718002169,4.211244533240268,2.539676491108358e-5,0.003016571298883149,Arrdc4,arrestin domain containing 4,66412,
17.235292394041025,18.893047932725715,2.7447680267500356,6.8832949628519895,5.848375385182305e-12,1.180916954165756e-8,Gm39041,"predicted gene, 39041",105242981,
9988.782555805836,-0.3521291721129101,0.10339194957923704,-3.405769729132025,6.597780289036088e-4,0.04207068813777292,Zfp710,zinc finger protein 710,209225,
323.94045159941646,1.9998051476658816,0.3855936578830286,5.186301970434718,2.1451089001716942e-7,4.934565068711417e-5,Fah,fumarylacetoacetate hydrolase,14085,
27.35569182857119,21.34903300478353,3.6012525484420186,5.928224337951415,3.0622795258614016e-9,2.061140956425157e-6,Ccdc81,coiled-coil domain containing 81,70884,
17477.765123985246,-0.24727392322991246,0.07136085670483014,-3.465119880114548,5.299951713728127e-4,0.03580521282289266,P2ry6,"pyrimidinergic receptor P2Y, G-protein coupled, 6",233571,
902.4831093025447,1.6885160339859815,0.29127371927692813,5.797007839147434,6.750853685516827e-9,3.0670816006724323e-6,Olfml1,olfactomedin-like 1,244198,
238.19789257732444,1.9656911919129192,0.49568279663852327,3.9656231873352663,7.320443263095085e-5,0.007645656058633735,Insc,INSC spindle orientation adaptor protein,233752,
818.0884803893367,0.9616235522121079,0.28679643677733785,3.3529829136569447,7.994564171683586e-4,0.047791189043422964,Ccp110,centriolar coiled coil protein 110,101565,
1319.7388027395004,1.3471028536234295,0.23554447742851461,5.719101837283626,1.0708860110349581e-8,3.960578035169054e-6,Gprc5b,"G protein-coupled receptor, family C, group 5, member B",64297,
5808.489545505347,-0.4374789920224216,0.11985657706343711,-3.6500207392947224,2.6221913627524907e-4,0.021037883338100038,Eef2k,eukaryotic elongation factor-2 kinase,13631,
20.008730031584467,7.3193795665620085,1.5557638077415512,4.70468558925233,2.542574840484426e-6,4.5748725322894527e-4,Cacng3,"calcium channel, voltage-dependent, gamma subunit 3",54376,
5657.965564384869,-0.36222460863176853,0.09445529826735709,-3.834878670400114,1.2562629200252255e-4,0.011707726177240217,Sult1a1,"sulfotransferase family 1A, phenol-preferring, member 1",20887,
650.1697584562775,1.8976359320958007,0.33975074001542493,5.585376891334061,2.3319393084922264e-8,7.306609147108489e-6,Sez6l2,seizure related 6 homolog like 2,233878,
3179.9208463970526,0.8153321194704571,0.18851344862041206,4.325060760583708,1.5248982550149199e-5,0.002029696863512201,Bag3,BCL2-associated athanogene 3,29810,
2005.8491582292254,-0.46130646252630303,0.10227747419238681,-4.510342733518943,6.472296967521924e-6,0.0010139745930239305,Wdr11,WD repeat domain 11,207425,
724.1526281243036,1.5280733052957767,0.38909601504763447,3.9272396688737734,8.592634675853686e-5,0.008627290053275638,Fgfr2,fibroblast growth factor receptor 2,14183,
2056.0078225705206,1.1342009605520507,0.26807232603509457,4.230951315741437,2.3270503856336532e-5,0.002782203069613183,Htra1,HtrA serine peptidase 1,56213,
16809.12736547911,-0.3364112700868847,0.08945637427357667,-3.760618209922831,1.69493954976403e-4,0.014737864324335749,Tspan4,tetraspanin 4,64540,
3571.43447004983,0.5130342851853945,0.09514200815023362,5.392300364054643,6.956136333201591e-8,2.0131994442527945e-5,Ankrd10,ankyrin repeat domain 10,102334,
989.2742784459065,1.3110385327743599,0.3563989136135293,3.6785705082031184,2.3454485372690302e-4,0.019286803741081486,Dusp26,dual specificity phosphatase 26 (putative),66959,
7.923914575494224,20.781420602189307,3.602404291870257,5.7687641137581025,7.985498634315631e-9,3.2981924245776808e-6,Gm16351,predicted gene 16351,102632686,
2997.5164847684114,1.218875604530245,0.36451306039364983,3.3438461799254613,8.262553594445952e-4,0.04864085131724144,Gpm6a,glycoprotein m6a,234267,
267.7821865608955,1.3621942552609894,0.31004629931805816,4.3935188333391295,1.1153052239626985e-5,0.0015711970414786138,Scrg1,scrapie responsive gene 1,20284,
1264.6393035037327,1.5282944280903836,0.2904479004940505,5.261853934873559,1.4261004355468472e-7,3.510246053984651e-5,Spock3,"sparc/osteonectin, cwcv and kazal-like domains proteoglycan 3",72902,
86033.34162722895,1.0801858498079218,0.25281957759891216,4.272556184401163,1.9324484090473047e-5,0.002421957581904598,Dnajb1,DnaJ heat shock protein family (Hsp40) member B1,81489,
1438.8045272967427,-0.5254429299660822,0.11555016571036338,-4.547314378441923,5.433480537957124e-6,8.73828688639777e-4,Gm42035,NA,NA,
3752.0670217637894,1.052209515477839,0.21947076638661617,4.794303737128633,1.6324078810785489e-6,3.155930683280901e-4,Pllp,plasma membrane proteolipid,67801,
667.252074862385,1.1884859555073797,0.3025760895930746,3.927891186331803,8.569396459331503e-5,0.008627290053275638,Tppp3,tubulin polymerization-promoting protein family member 3,67971,
2756.516109056526,1.4839221186837546,0.288827813470829,5.137739682517203,2.7806269939902937e-7,6.162479800217757e-5,Fa2h,fatty acid 2-hydroxylase,338521,
1195.3716156461862,0.7089548357141208,0.19791347909786292,3.5821452836143695,3.407841714049979e-4,0.025697388991464842,Fam76b,"family with sequence similarity 76, member B",72826,
10.942358486344753,21.093761736458955,3.60187050736138,5.856335393887217,4.73192133034972e-9,2.4641654478975714e-06,Gm1110,predicted gene 1110,382064,
4609.47741717569,1.1594828397623376,0.27296686122642366,4.247705507374965,2.1597102657204155e-5,0.0026699601808800755,Fez1,fasciculation and elongation protein zeta 1 (zygin I),235180,
1846.4656342592607,1.2486906770458934,0.31166942690775473,4.006458668194845,6.16359049311882e-5,0.006550346785464813,Hepacam,hepatocyte cell adhesion molecule,72927,
60.22501022054396,3.6034359750501914,1.0707625508225496,3.3652988445309995,7.646079617895201e-4,0.046163523221265615,3110039I08Rik,NA,NA,
2732.370151686788,1.4761527937030667,0.2506364768011038,5.889616757079175,3.870922434436511e-9,2.302545591386218e-6,Ncam1,neural cell adhesion molecule 1,17967,
6773.673062559797,1.3261928625583401,0.2793500084488734,4.747423742430492,2.060240278872151e-6,3.781893594741777e-4,Cryab,"crystallin, alpha B",12955,
1301.1678669446105,-0.425129575284283,0.10788968349436544,-3.9404098845695983,8.134250368959467e-5,0.008321230831884888,Cib2,calcium and integrin binding family member 2,56506,
3851.7209293811206,-0.3248864746660489,0.09672388023872946,-3.3589065478367797,7.825152505449627e-4,0.04708824386805831,Clk3,CDC-like kinase 3,102414,
289.6479578961117,2.50358021749612,0.5820226397383356,4.301516893950507,1.6963283818710375e-5,0.0022177968117800266,Elovl4,"elongation of very long chain fatty acids (FEN1/Elo2, SUR4/Elo3, yeast)-like 4",83603,
1069.9267253528633,1.6712453662151874,0.31000595945758397,5.391010447474486,7.006260079802062e-8,2.0131994442527945e-5,Pls1,plastin 1 (I-isoform),102502,
484.5256976072925,1.8292432807756691,0.5156761807238408,3.5472712317408366,3.8924363517227746e-4,0.02818216964934581,Bfsp2,"beaded filament structural protein 2, phakinin",107993,
512.4580065138891,1.496496517090267,0.3571502082251277,4.190104002814857,2.788266248127062e-5,0.003248151444052122,Pcbp4,poly(rC) binding protein 4,59092,
12.819866056232227,19.95842261042414,3.602596434229428,5.540010649206429,3.024532538988113e-8,9.316072852717117e-6,Sema3b,"sema domain, immunoglobulin domain (Ig), short basic domain, secreted, (semaphorin) 3B",20347,
1474.7755469214735,0.47944293530588117,0.13292669186746572,3.606822140611975,3.0996997171501607e-4,0.024156246747361717,Nicn1,nicolin 1,66257,
359.28382538147105,1.7795093898496401,0.33072246094619934,5.380672920606756,7.4207917725391e-8,2.0747392135746627e-5,Cspg5,chondroitin sulfate proteoglycan 5,29873,
156.49645824251516,2.8729347427063714,0.8365314908731838,3.4343414133848804,5.939955294011553e-4,0.03911116215872172,Rab39b,"RAB39B, member RAS oncogene family",67790,
713.1534259775599,1.388569063567223,0.3089302477408348,4.494765642800086,6.9646609439464e-6,0.0010714437830984158,Prrg1,proline rich Gla (G-carboxyglutamic acid) 1,546336,
1085.0056798053965,1.3606661222296221,0.3452840876901031,3.9407148221983443,8.123916049746638e-5,0.008321230831884888,Gjb1,"gap junction protein, beta 1",14618,
27918.256558236466,-0.30583626117977597,0.0801945954358487,-3.8136767137185483,1.3691454523301973e-4,0.012546645987538805,Tlr13,toll-like receptor 13,279572,
116216.507326923,1.3556022519898854,0.28996784564914885,4.675008875398266,2.93940907049884e-6,5.237047160605433e-4,Plp1,proteolipid protein (myelin) 1,18823,
188.64340210553016,3.1743094606588302,0.8117535728544308,3.9104348497004633,9.213010840446919e-5,0.008953371444034325,Pak3,p21 (RAC1) activated kinase 3,18481,
297.5862057989696,1.3385691127866133,0.29470063085981824,4.542131819946247,5.568819982849362e-6,8.877382942835215e-4,Mageh1,MAGE family member H1,75625,
19013.275711420996,-0.3230916160985769,0.07831907537329105,-4.125324699744349,3.702120777849283e-5,0.004204915055990939,Tlr7,toll-like receptor 7,170743,
25.086208873873467,7.6378530483679095,2.003202682031984,3.812820897693846,1.3738967432566017e-4,0.012546645987538805,Dpp10,dipeptidylpeptidase 10,269109,
14.810407224235899,19.56550895509159,3.1492524695440354,6.212747038958227,5.206623207898679e-10,5.565880209243688e-7,Moxd1,"monooxygenase, DBH-like 1",59012,
7.987311803657027,20.814167006633873,3.6023890389927598,5.777878730292158,7.564829923933729e-9,3.2732298620868492e-6,Alx1,ALX homeobox 1,216285,
7.258573012818901,20.647722760343175,3.6025809395869377,5.731369567149986,9.962294091159922e-9,3.7717660524718597e-6,Tph2,tryptophan hydroxylase 2,216343,
30.24452458236501,8.268456909105621,1.929608501181473,4.285043781701292,1.827032047517205e-5,0.0023057398194118173,Fstl4,follistatin-like 4,320027,
140.41077168620004,-11.496573863884056,3.1322747766360277,-3.670359302331401,2.4220976294378287e-4,0.019827378477375524,Mpo,myeloperoxidase,17523,
7.377473968545668,20.698804796962346,3.6025475119019963,5.74560216862601,9.159443084361826e-9,3.6185773733066843e-6,Gm6657,predicted gene 6657,626215,
23.119528817620495,6.997956193873868,1.9736046160967824,3.54577413165652,3.9146158529562757e-4,0.028230283291973968,Chga,chromogranin A,12652,
12.678440460475823,6.030900587624618,1.7387442238573194,3.468538100586962,5.232983181181435e-4,0.03561760425153941,1700024F13Rik,NA,NA,
11.039780979231493,-21.71088347627583,2.6973501511822944,-8.048967415950644,8.349547152854447e-16,2.528938673480398e-12,Ptger2,prostaglandin E receptor 2 (subtype EP2),19217,
7.739167925335062,19.148177493433625,3.604299316635303,5.31259360316082,1.0807588096911775e-7,2.812838891234794e-5,Nfatc4,"nuclear factor of activated T cells, cytoplasmic, calcineurin dependent 4",73181,
24.426153402872064,7.641431380818745,2.1807798861485614,3.503990214397175,4.583422000594795e-4,0.03214939851915681,Shisa2,shisa family member 2,219134,
9.310132032335392,21.229767950957108,3.60211609247363,5.893693430735124,3.77657544799137e-9,2.302545591386218e-6,Klhl1,kelch-like 1,93688,
7.047436502253455,20.5932351360306,3.60264490240642,5.716143470669329,1.089687458088663e-8,3.960578035169054e-6,Gm41307,"predicted gene, 41307",105245929,
8.155460990650194,20.82770080632524,3.6023492673731514,5.78169945789651,7.394973403064449e-9,3.2732298620868492e-6,Apol7c,apolipoprotein L 7c,108956,
10.261148284083875,-21.594769523921695,3.5637481779084923,-6.059566626448708,1.3648878390600343e-9,1.1811479380589525e-6,Smoc2,SPARC related modular calcium binding 2,64074,
11.970460584681001,19.427634334549325,3.2501224403913804,5.977508444946414,2.2657618581320072e-9,1.7184171835723227e-6,Lrrn4cl,LRRN4 C-terminal like,68852,
19.1344201031931,20.48258907744429,3.106683236374277,6.593072907345696,4.3081487368717355e-11,6.524332249597505e-8,Hrh3,histamine receptor H3,99296,
10.275364298358902,18.995720561255148,3.6046723247119514,5.269749605540939,1.3660998586241287e-7,3.448488283931482e-5,Rbm46,RNA binding motif protein 46,633285,
14.605689308124061,-22.908664316134303,2.5638461774591237,-8.935272528259759,4.0617581153848936e-19,5.448391120909656e-15,Sh2d2a,SH2 domain containing 2A,27371,
13.590902865863743,6.760572130260105,1.9740722985017731,3.424683146301712,6.155168210783758e-4,0.039807071848602583,4921504A21Rik,RIKEN cDNA 4921504A21 gene,70832,
33.205495978507194,6.32670121510022,1.830137094246526,3.4569548013587177,5.463164722737647e-4,0.03663545848941375,Epha5,Eph receptor A5,13839,
8.739789837644333,18.92425672607444,3.604918292749883,5.249566062047622,1.5245791881304596e-7,3.6941570114526454e-5,Nat8f2,N-acetyltransferase 8 (GCN5-related) family member 2,93673,
24.749147482350672,8.039661226201341,2.367880061285068,3.395299178218575,6.855364482077575e-4,0.04319030317739738,Cntn6,contactin 6,53870,
43.555308905703455,8.080448404977242,1.7297520178873627,4.671449040912997,2.99082303466208e-6,5.276915243583881e-4,Fbxo27,F-box protein 27,233040,
22.105394109121594,20.8274175746565,3.048604080921647,6.831788261714852,8.386257033047024e-12,1.5240344906156356e-8,Dpysl4,dihydropyrimidinase-like 4,26757,
9.79565011173782,21.07609310617167,3.602033598308881,5.851165051893654,4.881415073147668e-9,2.4641654478975714e-06,Npy5r,neuropeptide Y receptor Y5,18168,
16.45694123820178,-22.711068994399188,2.567106621472612,-8.846951974815546,8.994207540157909e-19,5.448391120909656e-15,Trpc6,"transient receptor potential cation channel, subfamily C, member 6",22068,
42.87745457505827,-6.846238107128891,1.9986354869487015,-3.42545609333745,6.137681283566518e-4,0.039807071848602583,Camp,cathelicidin antimicrobial peptide,12796,
17.06567210404453,20.74949853394764,3.1275892037557878,6.6343426780698875,3.259517864789698e-11,5.3850198324384707e-8,Eda2r,ectodysplasin A2 receptor,245527,
24.958914438927287,8.070272374531472,2.1736589920403846,3.7127591789161074,2.0501194196433927e-4,0.017248527876471933,Ar,androgen receptor,11835,
